{"SampEn":0.136808653,"Hurst":0.067286472,"dfa":0.040140847,"Skew":-0.0011377381,"Kurt":-0.6349111941,"Entropy":0.8065354557,"ADI":0.0000018335,"cv2":1435.6803052607,"ADF":0.9503338282,"ACF":0.0063972129,"PACF":0.006410033,"KPSS":0.0175809845,"Stationary":0.0,"PP":0.0000250866,"Normality":0.0648,"Trend Strenth":1.0000172227,"Seasonal Strength":2.1939230578,"Rolling Mean":0.0000655314,"Rolling Std":0.1132783023}